F1 within,AP within,Accuracy within,F1 between,AP between,Accuracy between,F1 total,AP total,Accuracy total,params
0.7295848272626746,0.8978579809020925,0.7770718232044199,0.7864655094222273,0.9119661111119188,0.813326436139283,0.7748074433490264,0.9087380693535603,0.8055432004317374,total model params = 100.0
