Method,Method_params,F1 within,AP within,Accuracy within,AUC within,F1 between,AP between,Accuracy between,AUC between,F1 total,AP total,Accuracy total,AUC total,params
DeepWalk,d=300_num_walks=20_walk_length=80_window_size=40_alpha=0.15,0.7686406802375286,0.8473615973180366,0.7701225951604757,0.8500192624320092,0.7886510738452486,0.8662882357653722,0.7874504408544885,0.868682150492164,0.7859035085771211,0.8637283534886694,0.785046282434335,0.8661214933226509,"total params:
arc=(300,256,128,64,32),optim=adam,lr=0.001"
DeepWalk,d=300_num_walks=20_walk_length=80_window_size=40_alpha=0.15,0.7688268619593753,0.8475840343933154,0.7695486477799716,0.8491445022167835,0.7876431718061675,0.8662264506303028,0.7860598260252086,0.8674418221161136,0.7850561392176606,0.8637099185718974,0.7837689764351377,0.8649323370097252,"total params:
arc=(300,256,128,64,32),optim=adam,lr=0.0001"
DeepWalk,d=300_num_walks=20_walk_length=80_window_size=40_alpha=0.15,0.756723484848485,0.845013601791305,0.764084668717572,0.8458444389169152,0.7799015370739224,0.863244316180612,0.7833969465648855,0.8639607671484939,0.7767262348782148,0.8607798522095994,0.7807174573647362,0.8614758700868923,"total params:
arc=(300,256,128,64,32),optim=SGD,lr=0.001
momentum=0.99,weight_decay=0.001"
DeepWalk,d=300_num_walks=20_walk_length=80_window_size=40_alpha=0.15,0.7507705644384511,0.8449664132216322,0.7623857844712797,0.8457298202098591,0.775398661078923,0.8631631631704801,0.7823613823303154,0.8638470377342474,0.7720291239745658,0.8607055116728684,0.7795898605474897,0.8613616107315593,"total params:
arc=(300,256,128,64,32),optim=SGD,lr=0.0001
momentum=0.99,weight_decay=0.001"
