Method,Method_params,F1 within,AP within,Accuracy within,AUC within,F1 between,AP between,Accuracy between,AUC between,F1 total,AP total,Accuracy total,AUC total,params
DeepWalk,d=256_num_walks=20_walk_length=80_window_size=40_alpha=0.15,0.5065840149653376,0.35700465105009727,0.38234078699664814,0.24337633099001027,0.5607090387723733,0.3566872838515849,0.42604961832061067,0.24675374318919527,0.5534719821085698,0.3567242099045159,0.4199852201999095,0.24633745763395729,"total params:
arc=(256,128,64,32),optim=adam,lr=0.001"
DeepWalk,d=256_num_walks=20_walk_length=80_window_size=40_alpha=0.15,0.4764931797112965,0.35128996125986595,0.3647320813627807,0.22998220538063702,0.5446760595911768,0.3524334970574011,0.41673323865317474,0.2360182691276242,0.5356485320013928,0.3522656628113549,0.4095183186703276,0.23528586509441102,"total params:
arc=(256,128,64,32),optim=SGD,lr=0.001
momentum=0.99,weight_decay=0"
DeepWalk,d=256_num_walks=20_walk_length=80_window_size=40_alpha=0.15,0.4415503025792679,0.3457025777388047,0.3453556177969604,0.21326817880069662,0.5498310982830508,0.3578836713087004,0.4277804899698207,0.25621503785057176,0.5358250243190661,0.35620253553806513,0.4163444203069357,0.2504906170390746,"total params:
arc=(256,128,64,32),optim=SGD,lr=0.001
momentum=0.99,weight_decay=0.001"
